,Concentration µmol/l,Signal 260nm
0,0.0,0.0034991056227232802
1,20.0,0.3434991056227233
2,40.0,0.6834991056227233
3,60.0,1.0234991056227234
4,80.0,1.3634991056227235
5,100.0,1.7034991056227236
6,120.0,2.043499105622723
7,140.0,2.3834991056227235
8,160.0,2.7234991056227233
9,180.0,3.063499105622723
10,200.0,3.4034991056227235
